,URL
0,https://rent.591.com.tw/rent-detail-5253790.html
1,https://rent.591.com.tw/rent-detail-5211339.html
2,https://rent.591.com.tw/rent-detail-5213205.html
3,https://rent.591.com.tw/rent-detail-5282728.html
4,https://rent.591.com.tw/rent-detail-5287691.html
5,https://rent.591.com.tw/rent-detail-5245272.html
6,https://rent.591.com.tw/rent-detail-3687945.html
7,https://rent.591.com.tw/rent-detail-5245234.html
8,https://rent.591.com.tw/rent-detail-5225640.html
9,https://rent.591.com.tw/rent-detail-5259233.html
10,https://rent.591.com.tw/rent-detail-5266890.html
11,https://rent.591.com.tw/rent-detail-5242465.html
12,https://rent.591.com.tw/rent-detail-5161010.html
13,https://rent.591.com.tw/rent-detail-5257937.html
14,https://rent.591.com.tw/rent-detail-5276195.html
15,https://rent.591.com.tw/rent-detail-5270015.html
16,https://rent.591.com.tw/rent-detail-5266103.html
17,https://rent.591.com.tw/rent-detail-5289383.html
18,https://rent.591.com.tw/rent-detail-5213995.html
19,https://rent.591.com.tw/rent-detail-5267693.html
20,https://rent.591.com.tw/rent-detail-5288548.html
21,https://rent.591.com.tw/rent-detail-5248918.html
22,https://rent.591.com.tw/rent-detail-5240496.html
23,https://rent.591.com.tw/rent-detail-5240493.html
24,https://rent.591.com.tw/rent-detail-5230939.html
25,https://rent.591.com.tw/rent-detail-5227188.html
26,https://rent.591.com.tw/rent-detail-5270120.html
27,https://rent.591.com.tw/rent-detail-5267205.html
28,https://rent.591.com.tw/rent-detail-5240433.html
29,https://rent.591.com.tw/rent-detail-5218585.html
